{"cameraMode":{"drawMode":0,"name":"Shaded","section":"Shading Mode"},"sceneLighting":false,"audioPlay":false,"sceneViewState":{"m_AlwaysRefresh":false,"showFog":true,"showSkybox":false,"showFlares":true,"showImageEffects":true,"showParticleSystems":true,"showVisualEffectGraphs":true,"m_FxEnabled":true},"in2DMode":false,"pivot":{"x":3.5762786865234377e-7,"y":0.0629572868347168,"z":-0.03892922401428223},"rotation":{"x":-0.02914605848491192,"y":0.960199773311615,"z":-0.25523796677589419,"w":-0.10964662581682205},"size":1.7332603931427003,"orthographic":false}